,github_job,link_website
0,Fetch - Backend Developer (Python) - HCM - FT,https://github.com/awesome-jobs/vietnam/issues/2059
1,Fetch - Senior Backend Developer (RoR) - HCM - FT,https://github.com/awesome-jobs/vietnam/issues/2058
2,CodeLink - Java backend developer - HCMC - FT,https://github.com/awesome-jobs/vietnam/issues/2056
3, Koidra - Frontend Software Engineer - Saigon - FT,https://github.com/awesome-jobs/vietnam/issues/2055
4, Koidra - IoT Engineer - Saigon - FT,https://github.com/awesome-jobs/vietnam/issues/2054
5,Pump Up The Jam - FS Developer - Remote - FT,https://github.com/awesome-jobs/vietnam/issues/2046
6,"Trobz - Odoo/ERP developers - HCM, Vietnam - FT",https://github.com/awesome-jobs/vietnam/issues/2044
7,Nimble - Senior Android Developer - HCM/DN - FT,https://github.com/awesome-jobs/vietnam/issues/2043
8,Nimble - Senior iOS Developer - HCM/DN - FT,https://github.com/awesome-jobs/vietnam/issues/2042
9,Nimble - Senior Web Developer (Ruby/JavaScript) - HCM/DN - FT,https://github.com/awesome-jobs/vietnam/issues/2041
10,Nimble - Technical Product Owner - HCM/DN - FT,https://github.com/awesome-jobs/vietnam/issues/2040
11,Fetch - Frontend Developer (ReactJS) - HCM/HN - FT,https://github.com/awesome-jobs/vietnam/issues/2039
12,Fetch - Senior NodeJS developer - HN/HCM - FT,https://github.com/awesome-jobs/vietnam/issues/2038
13,Fetch - Junior Frontend Developer (ReactJS) - HN/HCM - FT,https://github.com/awesome-jobs/vietnam/issues/2037
14,Fetch - Frontend Developer - HCM - FT,https://github.com/awesome-jobs/vietnam/issues/2036
15,Resola - Full-Stack Developer - Remote or Japan - C,https://github.com/awesome-jobs/vietnam/issues/2035
16,Dinovative - Python Developer (middle level) - Dist 7 - FT,https://github.com/awesome-jobs/vietnam/issues/2034
17,VieON - R&D Engineer - HCM City - FT,https://github.com/awesome-jobs/vietnam/issues/2025
18,Filum AI - Full-stack Software Engineer (NodeJS/Python/ReactJS) - FT - HCM,https://github.com/awesome-jobs/vietnam/issues/2023
19,dataPlor - Full Stack Rails Developer - Remote - FT,https://github.com/awesome-jobs/vietnam/issues/2021
20,Grab VN - Senior Backend Engineer (Golang) - HCMC - FT,https://github.com/awesome-jobs/vietnam/issues/2020
21,CodeLink - Rails developer - HCMC - FT,https://github.com/awesome-jobs/vietnam/issues/2019
22,OnPoint - Senior/Junior FullStack (Elixir) - Saigon - FT,https://github.com/awesome-jobs/vietnam/issues/2018
23,Parcel Perform - Senior Back-end Engineer - Saigon - FT,https://github.com/awesome-jobs/vietnam/issues/2017
24,Saigon Technology Solutions - Fullstack NodeJS/ReactJS (MERN Stack) - HCM - Fulltime,https://github.com/awesome-jobs/vietnam/issues/2016
25,Lecle Vietnam - Senior Frontend Developer - HCMC - FT,https://github.com/awesome-jobs/vietnam/issues/2015
26,CodeLink - Senior Web Developer (Go / Rails / React) - HCMC - FT,https://github.com/awesome-jobs/vietnam/issues/2014
27,Fetch Technology - Fullstack Javascript - HCM/HN - FT,https://github.com/awesome-jobs/vietnam/issues/2013
28,Scommerce - Senior Golang Developer - HCMC - FT,https://github.com/awesome-jobs/vietnam/issues/2011
29, Koidra - Fullstack Software Engineer - Saigon - FT,https://github.com/awesome-jobs/vietnam/issues/2007
30,Saigon Technology Solutions - SQL Developer - HCM - Fulltime,https://github.com/awesome-jobs/vietnam/issues/2006
31,Stably - Senior Software Developer - Saigon - Fulltime,https://github.com/awesome-jobs/vietnam/issues/2005
32,"Yojee - Senior Backend Engineer - Saigon, District 4 - FT",https://github.com/awesome-jobs/vietnam/issues/2004
33,"Yojee - Data Analyst - Saigon, District 4 - FT",https://github.com/awesome-jobs/vietnam/issues/2003
34,"Yojee - Fullstack Engineer - Saigon, District 4 - FT",https://github.com/awesome-jobs/vietnam/issues/2002
35,Dinovative - Ruby on Rails Developer (Mid/ Senior) - Saigon - FT,https://github.com/awesome-jobs/vietnam/issues/2001
36,Deliveree-On-demand Logistics - Lead/Senior ReactJS Developer - Saigon - FT,https://github.com/awesome-jobs/vietnam/issues/2000
37,Dinovative - Python junior - Dist 7 - FT,https://github.com/awesome-jobs/vietnam/issues/1999
38,Dinovative-Ruby on Rails Dev-Dist 7-FT,https://github.com/awesome-jobs/vietnam/issues/1998
39,BTaskee - Golang Developer - Saigon - Ft,https://github.com/awesome-jobs/vietnam/issues/1997
40,Perifit- React Native Software Engineer - Remote - FT,https://github.com/awesome-jobs/vietnam/issues/1996
41,Freelensia - CTO/Rails Developer - Remote/Saigon - FT/PT,https://github.com/awesome-jobs/vietnam/issues/1995
42,LINE Vietnam - Frontend Engineer - Saigon - FT,https://github.com/awesome-jobs/vietnam/issues/1990
43,LINE Vietnam - Backend Engineer - Saigon - FT,https://github.com/awesome-jobs/vietnam/issues/1989
44,NAB VDC - Technical Architect (Nodejs/Reactjs)- Saigon - FT ,https://github.com/awesome-jobs/vietnam/issues/1988
45,NAB VDC - Senior Front End Reactjs Engineer - Saigon - FT ,https://github.com/awesome-jobs/vietnam/issues/1987
46,"Yojee - DevOps Engineer - Saigon, District 4 - FT",https://github.com/awesome-jobs/vietnam/issues/1986
47,"FPT Telecom - Fullstack Engineer - District 7, HCMC - FT",https://github.com/awesome-jobs/vietnam/issues/1985
48,"FPT Telecom - Sr/Jr/Fr/Big Data Engineer (Scala, Hadoop Ecosystem) - District 7, HCMC - FT",https://github.com/awesome-jobs/vietnam/issues/1984
49,[LARION] - [IT Business Analyst] - [Saigon] - [FT],https://github.com/awesome-jobs/vietnam/issues/1982
50,[LARION] - [Senior NodeJS Developer] - [Saigon] - [FT],https://github.com/awesome-jobs/vietnam/issues/1981
51,Fetch Technology - Senior Ruby on Rails - Onsite Singapore - FT,https://github.com/awesome-jobs/vietnam/issues/1979
52,Fetch Technology - FULLSTACK NODEJS - HCM/HN - FT,https://github.com/awesome-jobs/vietnam/issues/1977
53,rakumo - Python Developer - HCM - FT,https://github.com/awesome-jobs/vietnam/issues/1975
54,Rakuna - Mid-level Backend Developer - HN - FT,https://github.com/awesome-jobs/vietnam/issues/1974
55,Rakuna - Front End/Javascript Developer - HN/HCM - FT,https://github.com/awesome-jobs/vietnam/issues/1973
56,[AHAMOVE]SENIOR UI/UX DESIGNER - HCM - FT,https://github.com/awesome-jobs/vietnam/issues/1972
57,"[GHN] Senior Software Engineer (Java, Golang)",https://github.com/awesome-jobs/vietnam/issues/1971
58,[Scommerce] Full Stack Engineer,https://github.com/awesome-jobs/vietnam/issues/1970
59,UNIT CORP - .NET DEVELOPER - HCM- FT,https://github.com/awesome-jobs/vietnam/issues/1969
60,UNIT CORP - JAVA DEVELOPER - HCM - FT #HCM #Java #Fulltime,https://github.com/awesome-jobs/vietnam/issues/1968
61,Koidra - Machine Learning Research Engineer - Saigon/Remote - FT,https://github.com/awesome-jobs/vietnam/issues/1967
62,[GHN] Product Owner - HCM - Fulltime,https://github.com/awesome-jobs/vietnam/issues/1959
63,NAB VDC - Integration Senior Java Engineer - Saigon - FT ,https://github.com/awesome-jobs/vietnam/issues/1956
64,Holistics Software - Fullstack Engineer (open-source) - Saigon - FT,https://github.com/awesome-jobs/vietnam/issues/1955
65,IPSIP GROUP - Sr DevOps Engineer - HCMC - FT,https://github.com/awesome-jobs/vietnam/issues/1950
66,Sea Group - Sr/Jr/Frontend Engineers (React) - HCMC - FT,https://github.com/awesome-jobs/vietnam/issues/1945
67,Sea Group - Sr/Software Engineers (Go) - HCMC - FT,https://github.com/awesome-jobs/vietnam/issues/1944
68,Fetch Technology - Block Chain Research Engineer - HN/Singapore - FT,https://github.com/awesome-jobs/vietnam/issues/1937
69,Fetch Tech - Senior Backend (Ruby on Rails) Developer - HCM - FT,https://github.com/awesome-jobs/vietnam/issues/1936
70,FETCH TECHNOLOGY - Senior PHP Laravel Developer - Hanoi - Full-time,https://github.com/awesome-jobs/vietnam/issues/1935
71,Robust Tech House - Web Software Engineer - Tan Binh/HCM - FT,https://github.com/awesome-jobs/vietnam/issues/1934